{"cameraMode":{"drawMode":0,"name":"Shaded","section":"Shading Mode"},"sceneLighting":true,"audioPlay":false,"sceneViewState":{"m_AlwaysRefresh":false,"showFog":true,"showSkybox":true,"showFlares":true,"showImageEffects":true,"showParticleSystems":true,"showVisualEffectGraphs":true,"m_FxEnabled":true},"in2DMode":false,"pivot":{"x":0.4644339680671692,"y":-210.3498992919922,"z":9.802677154541016},"rotation":{"x":-0.6783355474472046,"y":-0.0033139160368591549,"z":0.003058641217648983,"w":-0.7347431778907776},"size":120.57826232910156,"orthographic":false}