{"cameraMode":{"drawMode":0,"name":"Shaded","section":"Shading Mode"},"sceneLighting":true,"audioPlay":false,"sceneViewState":{"m_AlwaysRefresh":false,"showFog":true,"showSkybox":true,"showFlares":true,"showImageEffects":true,"showParticleSystems":true,"showVisualEffectGraphs":true,"m_FxEnabled":true},"in2DMode":false,"pivot":{"x":2.694392681121826,"y":-0.5326855182647705,"z":0.349886417388916},"rotation":{"x":0.021233312785625459,"y":0.9677600264549255,"z":-0.23528917133808137,"w":0.08733418583869934},"size":2.966623306274414,"orthographic":false}